{"cameraMode":{"drawMode":2,"name":"Shaded Wireframe","section":"Shading Mode"},"sceneLighting":true,"audioPlay":false,"sceneViewState":{"m_AlwaysRefresh":false,"showFog":true,"showSkybox":true,"showFlares":true,"showImageEffects":true,"showParticleSystems":true,"showVisualEffectGraphs":true,"m_FxEnabled":true},"in2DMode":false,"pivot":{"x":-0.14902305603027345,"y":0.8878220319747925,"z":0.3439518213272095},"rotation":{"x":-0.08855791389942169,"y":0.8822094202041626,"z":-0.18417486548423768,"w":-0.42419785261154177},"size":3.0313503742218019,"orthographic":false}