{"cameraMode":{"drawMode":0,"name":"Shaded","section":"Shading Mode"},"sceneLighting":true,"audioPlay":false,"sceneViewState":{"m_AlwaysRefresh":false,"showFog":true,"showSkybox":true,"showFlares":true,"showImageEffects":true,"showParticleSystems":true,"showVisualEffectGraphs":true,"m_FxEnabled":true},"in2DMode":false,"pivot":{"x":172.9120635986328,"y":-84.74809265136719,"z":294.22576904296877},"rotation":{"x":0.15845425426959992,"y":0.19389668107032777,"z":-0.031813059002161029,"w":0.9677190780639648},"size":141.42135620117188,"orthographic":false}